method,dataset,pattern,ratio,rmse,mae,mape,crps
csdi_ori,ett,point,0.5,1.5038877801677613,0.43681557313150693,21222.53876397337,0.04732134153968409
ftcsdi,ett,time,0.5,0.7409412181568621,0.3635873168448512,185165.5331352833,0.05957932848679392
fadti,ett,point,0.5,0.5863224735312892,0.2816348804447998,179405.57897972988,0.03701716661453247
csdi_ori,ett,point,0.1,0.36758147291141463,0.19554250268861376,75708.16891954697,0.029808367553510164
csdi_ori,ett,point,0.1,0.3173582234084232,0.19320784464193874,113058.23902096272,0.031268693898853506
csdi,ett,time,0.5,0.586316230300234,0.31883687912019837,546620.2794817123,0.05470129063254908
fadti,ett,point,0.1,0.3252775581301191,0.18414401712862363,50810.90426848117,0.02822213423879523
fadti,ett,time,0.1,0.48584815184132657,0.26122495511702554,286540.7617049346,0.04481255067022223
csdi_ori,ett,time,0.5,0.8710244468932067,0.3983958171634063,22574.63465585442,0.041038497498160915
csdi,ett,point,0.5,0.5080261770025868,0.27803980431306075,24468.941284077195,0.02815173174205579
csdi,ett,time,0.5,0.7607993325128453,0.3723341081761021,179593.01547010173,0.06079209478277909
ftcsdi,ett,point,0.5,0.5909569233140565,0.2876669200206045,20620.84885589855,0.029230246418400815
csdi,ett,time,0.5,0.6037337795445462,0.3513483688707859,25468.080446526357,0.03560517649901541
csdi_ori,ett,time,0.1,1.0544596080492972,0.4041462398388855,10447.54409091946,0.04110667266343769
ftcsdi,ett,time,0.5,0.5870285622594785,0.30980517822385756,541328.921108742,0.05300214416102359
csdi_ori,ett,time,0.5,0.5818475322960058,0.31778045323944215,592855.5822535673,0.05464482934851395
fadti,ett,time,0.5,0.5750763993572934,0.3009433324012049,437144.98228637036,0.05156757957056949
csdi_ori,ett,time,0.5,1.0223532994766844,0.46278052372616263,140212.05536106435,0.07169662023845472
ftcsdi,ett,point,0.1,0.3233517869301061,0.18331572530292253,55374.42962146578,0.02789664582202309
csdi_ori,ett,point,0.1,0.2793170877158904,0.17977635778869866,300592.93218602746,0.03037558731279875
fadti,ett,time,0.1,0.6561988091588108,0.3149328376140811,104843.54141719261,0.051772468968441614
csdi,ett,time,0.1,0.801627594892973,0.39401720327178014,377439.3153962645,0.052208508315839265
ftcsdi,ett,time,0.5,0.8913520341443621,0.41516160333689284,302212.77901340177,0.05491168875443308
csdi_ori,ett,point,0.5,0.6476988495683873,0.31184191464454253,194677.49941587588,0.040936215927726345
fadti,ett,point,0.5,0.5767423686719424,0.2708247527487807,19032.756916665105,0.02756290686757941
fadti,ett,point,0.5,0.5829412589168721,0.271576641325444,122659.31415218773,0.04158593478955721
ftcsdi,ett,point,0.1,0.263162790029482,0.17162652094816971,263485.2358123335,0.02892369031906128
csdi_ori,ett,time,0.5,0.764918987393982,0.3737128377611313,198862.32494491077,0.06100751851734362
csdi,ett,time,0.1,0.9496036027640734,0.4015402665197371,76974.49878231471,0.06153096023358797
ftcsdi,ett,point,0.5,0.5924517267014536,0.28433708342126685,176360.42102027012,0.03730373633535285
ftcsdi,ett,time,0.1,0.9195015936328181,0.38408282439858016,77362.15707827966,0.05913772708491275
ftcsdi,ett,point,0.1,0.4074169451577757,0.21152900338616437,6599.951369997291,0.021161295865711412
fadti,ett,point,0.1,0.3020409251176408,0.1858531587188507,103106.33067328333,0.030175921164060895
fadti,ett,point,0.1,0.29186746866314295,0.18316029694120764,5812.800258052995,0.018278366640994425
fadti,ett,point,0.5,0.3959775155089799,0.22302785492441363,321111.7832898172,0.03792749266875418
ftcsdi,ett,point,0.5,0.49242613045719225,0.2534579460833905,165898.04013292308,0.04128428195652209
ftcsdi,ett,point,0.5,0.5811435492652386,0.27365898723286347,121756.90807727279,0.041798955515811316
csdi,ett,point,0.1,0.2780934564854032,0.18122512408637337,303104.67813972547,0.030559615084999485
csdi_ori,ett,time,0.1,0.7194404318691765,0.3311660748602288,103869.0788271298,0.054250240325927734
fadti,ett,time,0.5,0.9567338130897157,0.42641248250435576,127848.60056271103,0.06674149161890934
csdi_ori,ett,time,0.1,0.7927846255999788,0.3850750079244029,350974.05350832915,0.051342390085521494
ftcsdi,ett,time,0.1,0.7256330534822115,0.3571791554989687,371870.5648977789,0.04732051962300351
ftcsdi,ett,point,0.1,0.30451747064864015,0.1851019945250421,96639.63260241912,0.030004153126164487
ftcsdi,ett,point,0.5,0.3924452551362018,0.22270196100439166,352693.09856396867,0.037949364436300176
csdi,ett,point,0.5,0.627645175871745,0.30701007449358897,183749.38472259228,0.04029784390800878
fadti,ett,time,0.1,0.9180903912061879,0.3760667154785741,74998.3923945051,0.05794554635098106
csdi_ori,ett,point,0.5,0.6200291173478402,0.28990272224070257,129412.57777200101,0.04427086679559005
csdi,ett,point,0.1,0.37219352838579695,0.19749208722683304,71368.36403081036,0.03010184827603792
fadti,ett,time,0.1,0.791698027203589,0.3626665730599139,400915.77627934125,0.04812613913887426
csdi,ett,time,0.1,0.6859366679794064,0.3420037623659686,11745.098586576916,0.034169758621015046
fadti,ett,time,0.5,1.1278213243485862,0.40884577352719864,19865.78480538141,0.04210057070380763
csdi_ori,ett,time,0.5,0.9313309155371204,0.4381436416294683,305228.2709682675,0.05802121915315327
csdi,ett,time,0.1,0.6706172949550525,0.32807424568457366,129226.88847003863,0.05354894462384676
csdi,ett,time,0.5,0.9643684774457371,0.44762357720882373,296792.1319809361,0.059624891532094854
csdi_ori,ett,point,0.5,0.41512847860554136,0.23543655094216448,457576.2441253264,0.04006867973428024
ftcsdi,ett,time,0.1,0.5055712374495633,0.269951778630889,333480.72188293346,0.0458640456199646
fadti,ett,time,0.5,0.7407615919817695,0.35608499454566717,190494.60197881973,0.0582307263424522
fadti,ett,time,0.1,0.7776719387620527,0.31589563093024176,8454.409135340147,0.03231863912783171
csdi_ori,ett,time,0.1,0.5029659554485371,0.2819291868877521,377722.2204890363,0.04831997971785696
csdi,ett,time,0.1,0.5043434922555766,0.283241562569543,383438.45432329684,0.0483901720297964
ftcsdi,ett,time,0.1,0.6491791486532744,0.31222397461795337,115882.03997678618,0.051194758791672554
fadti,ett,time,0.5,0.8954288481646099,0.4127316379154756,309934.63847814576,0.055072859713905735
csdi,ett,point,0.5,0.6429860802346712,0.29561758880062233,132860.44767786702,0.045108205393741004
ftcsdi,ett,point,0.1,0.3630159898009545,0.20229422769332855,120764.97087848841,0.02608010957115575
fadti,ett,point,0.5,0.4931354033466792,0.25323779934477997,162750.01932292312,0.04131210164019936
ftcsdi,ett,time,0.5,0.9658363775333931,0.4309404559354686,135379.57733831208,0.06690864813955207
csdi,ett,time,0.5,1.0077374287963727,0.45447330335722275,132399.07543598796,0.0703630572871158
csdi,ett,point,0.5,0.5155985308140868,0.2612939962173549,162987.64927619344,0.04245708804381521
fadti,ett,point,0.1,0.26719047010646935,0.17374254264589264,250493.3105920918,0.029359858287008184
csdi_ori,ett,point,0.1,0.8685281933078919,0.29919991093068243,4438.518815989335,0.030071289915787548
ftcsdi,ett,time,0.1,0.5019279692355766,0.2884841618465969,7635.965645659268,0.02897483424136513
csdi,ett,point,0.1,2.0778257585802113,0.46055124061272235,5893.891272635537,0.04892369320518092
csdi,ett,point,0.5,0.4132048144184512,0.232086352206397,415056.8550913838,0.03952937377126593
ftcsdi,ett,time,0.5,0.6088322503101868,0.3412451785465234,21589.283986149476,0.03467583028893722
csdi,ett,point,0.1,0.42599552016008585,0.22862365163270906,143718.02358276772,0.02969096208873548
fadti,ett,point,0.1,0.35330867439952235,0.19698013492125843,133724.60064148388,0.02549938622273897
csdi_ori,ett,point,0.5,0.5135673119998433,0.2628347454916063,174522.42693369155,0.042727112770080566
csdi_ori,ett,point,0.1,0.4209030424606977,0.22357586085674963,155908.7305361305,0.028872232688100713
csdi,ett,point,0.1,0.3174710832436946,0.190922213227481,109047.53314490814,0.030863228597139056
csdi_ori,ett,time,0.1,0.9815885125591745,0.4124191000372889,90004.72524081437,0.06285222580558375
